name,MDVP:Fo(Hz),MDVP:Fhi(Hz),MDVP:Flo(Hz),MDVP:Jitter(%),MDVP:RAP,MDVP:PPQ,Jitter:DDP,MDVP:Shimmer,spread1,spread2,DFA,status
phon_R01_S01_1,119.992,157.302,74.997,0.00784,0.00370,0.00554,0.01109,0.04374,-6.8125,0.266482,0.767242,1
phon_R01_S01_2,122.400,148.650,113.819,0.00968,0.00465,0.00696,0.01394,0.06134,-6.5731,0.256572,0.771175,1
phon_R01_S01_3,116.682,131.111,111.555,0.01050,0.00544,0.00781,0.01633,0.05233,-6.8146,0.254150,0.764466,1
phon_R01_S01_4,116.676,137.871,111.366,0.00997,0.00608,0.00930,0.01825,0.05492,-7.1072,0.247308,0.750804,0
phon_R01_S01_5,116.014,141.781,110.655,0.01284,0.00764,0.01023,0.02293,0.06425,-6.8921,0.245755,0.760406,0
phon_R01_S01_5,116.014,141.781,110.655,0.01285,0.00763,0.01022,0.02291,0.06423,-6.8920,0.245753,0.760405,0
